training_seed,subset,metric,uniform,targeted,targeted_minus_uniform,base,uniform_minus_base,targeted_minus_base
42,Weak-4,psnr,13.544229497581629,14.16743150425878,0.6232020066771504,12.214639467891203,1.3295900296904257,1.9527920363675761
43,Weak-4,psnr,13.88403420872513,14.139763572466443,0.25572936374131316,12.214639467891203,1.6693947408339262,1.9251241045752394
44,Weak-4,psnr,13.100541508482788,14.116303880141231,1.0157623716584432,12.214639467891203,0.885902040591585,1.9016644122500281
42,Weak-4,ssim,0.8134894073009491,0.8273145258426666,0.01382511854171753,0.7744443515936533,0.03904505570729577,0.0528701742490133
43,Weak-4,ssim,0.8253235833512412,0.8074307408597734,-0.01789284249146783,0.7744443515936533,0.050879231757587906,0.032986389266120075
44,Weak-4,ssim,0.8077235536442863,0.8319543186161253,0.02423076497183907,0.7744443515936533,0.03327920205063295,0.05750996702247202
42,Weak-4,paired_lpips,0.2521109597550498,0.2467983089801338,-0.005312650774916022,0.3072071485221386,-0.05509618876708877,-0.060408839542004794
43,Weak-4,paired_lpips,0.24992283123234907,0.264712901165088,0.01479006993273893,0.3072071485221386,-0.05728431728978953,-0.042494247357050596
44,Weak-4,paired_lpips,0.2579074733787113,0.2478993715097507,-0.01000810186896059,0.3072071485221386,-0.04929967514342731,-0.0593077770123879
42,Weak-4,rotation_error_deg,54.6254015867074,70.17129881350338,15.545897226795987,114.77454710374384,-60.149145517036445,-44.60324829024046
43,Weak-4,rotation_error_deg,65.89771858908155,49.78728542032897,-16.11043316875258,114.77454710374384,-48.87682851466229,-64.98726168341487
44,Weak-4,rotation_error_deg,76.9977726981331,70.3576050611532,-6.6401676369799105,114.77454710374384,-37.77677440561074,-44.41694204259065
42,Non-weak,psnr,16.39329481779441,16.250384284640052,-0.14291053315435676,14.742941695802518,1.6503531219918912,1.5074425888375345
43,Non-weak,psnr,16.894582622358907,16.36313997048284,-0.5314426518760662,14.742941695802518,2.1516409265563894,1.6201982746803232
44,Non-weak,psnr,16.12410241268972,16.181107928254605,0.0570055155648852,14.742941695802518,1.3811607168872015,1.4381662324520867
42,Non-weak,ssim,0.8705672335530085,0.8717720868095519,0.0012048532565434034,0.8352969858854536,0.03527024766755482,0.036475100924098225
43,Non-weak,ssim,0.8735471601997103,0.8694027328775042,-0.004144427322206101,0.8352969858854536,0.0382501743142567,0.0341057469920506
44,Non-weak,ssim,0.8614607957147417,0.8723356891719122,0.01087489345717052,0.8352969858854536,0.02616380982928801,0.03703870328645853
42,Non-weak,paired_lpips,0.20517437138210332,0.21397810009500337,0.008803728712900055,0.25738207702451044,-0.05220770564240712,-0.043403976929507065
43,Non-weak,paired_lpips,0.2011792754998342,0.21164505639010006,0.010465780890265869,0.25738207702451044,-0.056202801524676244,-0.045737020634410375
44,Non-weak,paired_lpips,0.21582754133527893,0.21110079294100167,-0.004726748394277253,0.25738207702451044,-0.04155453568923151,-0.04628128408350876
42,Non-weak,rotation_error_deg,54.1273157281561,84.11803467528506,29.99071894712896,66.19631113250979,-12.068995404353693,17.92172354277527
43,Non-weak,rotation_error_deg,50.64104997360303,83.8197319155703,33.17868194196727,66.19631113250979,-15.55526115890676,17.62342078306051
44,Non-weak,rotation_error_deg,58.226256557118454,87.92835888815922,29.70210233104077,66.19631113250979,-7.970054575391337,21.732047755649432
42,Overall,psnr,16.03716165276781,15.990015187092395,-0.04714646567541614,14.426903917313602,1.6102577354542085,1.5631112697787923
43,Overall,psnr,16.518264070654684,16.08521792073079,-0.4330461499238929,14.426903917313602,2.091360153341082,1.658314003417189
44,Overall,psnr,15.74615729966385,15.923007422240435,0.17685012257658528,14.426903917313602,1.3192533823502473,1.4961035049268325
42,Overall,ssim,0.8634325052715011,0.8662148916886913,0.002782386417190197,0.8276904065989785,0.03574209867252254,0.038524485089712734
43,Overall,ssim,0.8675192130936517,0.8616562338752879,-0.005862979218363762,0.8276904065989785,0.03982880649467313,0.03396582727630937
44,Overall,ssim,0.8547436404559348,0.8672880178524388,0.012544377396504047,0.8276904065989785,0.027053233856956238,0.039597611253460285
42,Overall,paired_lpips,0.21104144492872162,0.21808062620564467,0.0070391812769230455,0.263610210961714,-0.052568766032992376,-0.04552958475606933
43,Overall,paired_lpips,0.20727221996639855,0.21827853698697355,0.011006317020575002,0.263610210961714,-0.056337990995315446,-0.045331673974740444
44,Overall,paired_lpips,0.22108753284070795,0.2157006152620953,-0.005386917578612649,0.263610210961714,-0.04252267812100605,-0.047909595699618696
42,Overall,rotation_error_deg,54.18957646047501,82.37469269256235,28.18511623208734,72.26859062891405,-18.079014168439045,10.106102063648294
43,Overall,rotation_error_deg,52.54813355053785,79.56567610366513,27.017542553127278,72.26859062891405,-19.720457078376207,7.297085474751071
44,Overall,rotation_error_deg,60.57269607474528,85.73201465978349,25.159318585038207,72.26859062891405,-11.695894554168774,13.463424030869433
