arm,subset,metric,n_seeds,mean,sample_std,targeted_vs_uniform_improved_seeds
uniform,Weak-4,psnr,3,13.50960173826318,0.39289249689936945,3
targeted,Weak-4,psnr,3,14.141166318955484,0.02559266028103973,3
targeted_minus_uniform,Weak-4,psnr,3,0.6315645806923023,0.38008550717438466,3
uniform,Weak-4,ssim,3,0.8155121814321588,0.008972679243728866,2
targeted,Weak-4,ssim,3,0.8222331951061884,0.013027525015637786,2
targeted_minus_uniform,Weak-4,ssim,3,0.00672101367402959,0.02194198728258272,2
uniform,Weak-4,paired_lpips,3,0.2533137547887034,0.004125974366268192,2
targeted,Weak-4,paired_lpips,3,0.2531368605516575,0.010040250090828212,2
targeted_minus_uniform,Weak-4,paired_lpips,3,-0.0001768942370458937,0.013172673517128485,2
uniform,Weak-4,rotation_error_deg,3,65.84029762464068,11.186296087722999,2
targeted,Weak-4,rotation_error_deg,3,63.43872976499518,11.82286458630554,2
targeted_minus_uniform,Weak-4,rotation_error_deg,3,-2.401567859645501,16.24823404503848,2
uniform,Non-weak,psnr,3,16.470659950947677,0.39102296766793154,1
targeted,Non-weak,psnr,3,16.264877394459166,0.09187738445132883,1
targeted_minus_uniform,Non-weak,psnr,3,-0.2057825564885126,0.2992197853246865,1
uniform,Non-weak,ssim,3,0.8685250631558201,0.006296657570826154,2
targeted,Non-weak,ssim,3,0.871170169619656,0.0015563696167189176,2
targeted_minus_uniform,Non-weak,ssim,3,0.002645106463835941,0.007612538745010821,2
uniform,Non-weak,paired_lpips,3,0.20739372940573883,0.007572125561840004,1
targeted,Non-weak,paired_lpips,3,0.21224131647536837,0.001528518459679327,1
targeted_minus_uniform,Non-weak,paired_lpips,3,0.004847587069629557,0.00833315840732908,1
uniform,Non-weak,rotation_error_deg,3,54.3315407529592,3.796724986645503,0
targeted,Non-weak,rotation_error_deg,3,85.28870849300486,2.2908648564662855,0
targeted_minus_uniform,Non-weak,rotation_error_deg,3,30.957167740045666,1.929292331342008,0
uniform,Overall,psnr,3,16.100527674362116,0.3899341687669736,1
targeted,Overall,psnr,3,15.999413510021206,0.08151262362682339,1
targeted_minus_uniform,Overall,psnr,3,-0.10111416434090792,0.30850891425845606,1
uniform,Overall,ssim,3,0.8618984529403625,0.006524477103293328,2
targeted,Overall,ssim,3,0.8650530478054727,0.0029902606237672356,2
targeted_minus_uniform,Overall,ssim,3,0.0031545948651101607,0.009209321296016156,2
uniform,Overall,paired_lpips,3,0.21313373257860938,0.007141356185009215,1
targeted,Overall,paired_lpips,3,0.2173532594849045,0.0014346486903524622,1
targeted_minus_uniform,Overall,paired_lpips,3,0.004219526906295133,0.008552623763112206,1
uniform,Overall,rotation_error_deg,3,55.77013536191938,4.239342609052714,0
targeted,Overall,rotation_error_deg,3,82.55746115200365,3.0872295070974043,0
targeted_minus_uniform,Overall,rotation_error_deg,3,26.78732579008427,1.5259792491090807,0
